Canonical,Alias
情緒逼人來——處理情緒研經12課,情緒逼人來: 處理情緒研經 12 課
情緒逼人來——處理情緒研經12課,情緒逼人來
餘生：看得見的工殤數字　未說完的生命故事,"餘生: 看得見的工殤數字，未說完的生命故事"
餘生：看得見的工殤數字　未說完的生命故事,餘生
電影萬歲A碟,電影萬歲 A 碟
電影萬歲B碟,電影萬歲 B 碟
Ｈ醫生一千零一夜 ── 致一切動人的掙扎,H 醫生一千零一夜: 致一切動人的掙扎
Ｈ醫生一千零一夜 ── 致一切動人的掙扎,H 醫生一千零一夜
讀經是趟穿越旅程——聖經詮釋的三個世界,讀經是趟穿越旅程: 聖經詮釋的三個世界
讀經是趟穿越旅程——聖經詮釋的三個世界,讀經是趟穿越旅程
拾荒的人 ── 香港拾荒者勞動紀實,拾荒的人: 香港拾荒者勞動紀實
拾荒的人 ── 香港拾荒者勞動紀實,拾荒的人
拾荒的人 ── 香港拾荒者勞動紀實,拾荒的人——香港拾荒者勞動紀實
九千鴻毛：香港工殤運動紀要,九千鴻毛: 香港工殤運動紀要
九千鴻毛：香港工殤運動紀要,九千鴻毛
Dustykid - 高敏塵抗內耗手記,高敏塵抗內耗手記
Dustykid - 愛自己的36個法則,愛自己的36個法則
Dustykid - 為何永遠放不低,為何永遠放不低
閱讀新聞－專業價值和媒體批判,閱讀新聞:專業價值和媒體批判
閱讀新聞－專業價值和媒體批判,閱讀新聞
怕老——香港長者法律保障,怕老
怕老——香港長者法律保障,怕老ー香港長者法律保障
香港字二百年：從世一、大白象至世界文化遺產之路,香港字二百年
屋宇平民誌 -- 記大坑西新邨：香港最後的「私營廉租屋」,屋宇平民誌
屋宇平民誌 -- 記大坑西新邨：香港最後的「私營廉租屋」,屋宇平民誌ー記大坑西新邨
煉 ─ 葉英傑詩集,煉
他他巴 - 走在絢麗與荒涼,他他巴
不正常的信仰——身體、身分與政治,不正常的信仰
信仰Q&A ——青少年信仰疑難問答手冊,信仰Q&A
後現代拜物教──消費文化的神學批判（修訂版）,後現代拜物教 ——消費文化的神學批判（修訂版）
從靈開始II：心意更新 365,從靈開始II
窄路前行不轉彎──獨立編輯人的故事,窄路前行不轉彎
